16396,[V] - THXSumm,2024/1/18 20:00,向召唤你的人道谢
3404,A Deal with de Loa - Bwonsamdi,2024/3/26 00:00,在 BFA 以外的地图死亡时，播放邦桑迪语音。
533,ACE3：插件函数库,2024/5/8 08:03,ACE3是许多插件使用的函式库，集成了魔兽世界插件中经常用到功能的和函数，使开发效率提高。
17633,[怀旧服]AFK Timer (light),2024/6/15 14:00,当你进入暂离状态，开启码表计时。
16066,AFKS - AFK Screen,2024/5/12 15:00,暂离屏保，暂离时显示角色和时间，剥离自 ElvUI 的独立插件，只会在野外启用。
16067,[经典旧世]AFKS - AFK Screen,2024/5/12 15:01,暂离屏保，暂离时显示角色和时间，剥离自 ElvUI 的独立插件，只会在野外启用。
16068,[怀旧服]AFKS - AFK Screen,2024/5/12 15:01,暂离屏保，暂离时显示角色和时间，剥离自 ElvUI 的独立插件，只会在野外启用。
2698,[怀旧服] ALL THE THINGS：收集大全,2024/7/9 04:10,内置巨大数据库，包罗万象，囊括游戏中所有可以收集的项目，包括但不限于座骑、宠物、成就、道具等，并可追踪。
15375,ATT Soundpack: Chiptune,2023/8/25 05:00,AllTheThings 音效包，在收集到物品、完成进度、发现稀有等时候播放音效
15757,[经典旧世]ATT Soundpack: Chiptune,2023/8/25 05:00,AllTheThings 音效包，在收集到物品、完成进度、发现稀有等时候播放音效
15758,[怀旧服]ATT Soundpack: Chiptune,2023/8/25 05:00,AllTheThings 音效包，在收集到物品、完成进度、发现稀有等时候播放音效
16038,ATT Soundpack: Slacker,2024/5/17 09:00,AllTheThings 音效包，在收集到物品、完成进度、发现稀有等时候播放音效
16039,[经典旧世]ATT Soundpack: Slacker,2024/5/17 09:00,AllTheThings 音效包，在收集到物品、完成进度、发现稀有等时候播放音效
16040,[怀旧服]ATT Soundpack: Slacker,2024/5/17 09:00,AllTheThings 音效包，在收集到物品、完成进度、发现稀有等时候播放音效
15728,ATT-SoundPack-Template,2024/3/15 08:01,AllTheThings 音效包范本
15729,[经典旧世]ATT-SoundPack-Template,2024/3/15 08:01,AllTheThings 音效包范本
15730,[怀旧服]ATT-SoundPack-Template,2024/3/15 08:01,AllTheThings 音效包范本
1934,[经典旧世]Aardvark,2024/6/4 11:00,管理各种自动催毁、自动补货、自动出售的物品清单插件
1935,Aardvark,2024/5/8 10:01,管理各种自动催毁、自动补货、自动出售的物品清单插件
1933,[怀旧服]Aardvark,2024/5/4 14:00,管理各种自动催毁、自动补货、自动出售的物品清单插件
15593,Ability Macro Manager,2024/2/12 03:00,对于在副本中需要提前分配好的技能，例如能量灌注、误导、嫁祸等技能，快速创建宏。
1534,[怀旧服]Ability Team Tracker,2024/7/5 19:01,监控队友的技能冷却时间。
1535,Ability Team Tracker,2024/7/5 19:00,监控队友的技能冷却时间。
2928,[经典旧世]Ability Team Tracker,2024/7/5 19:00,监控队友的技能冷却时间。
1682,AbyssUI,2024/5/20 01:01,基于原生界面的轻量级黑化风格整合。
1683,[怀旧服]AbyssUI,2024/5/20 01:02,基于原生界面的轻量级黑化风格整合。
1684,[经典旧世]AbyssUI,2024/5/20 01:02,基于原生界面的轻量级黑化风格整合。
16223,[经典旧世]AbyssUIClassic,2024/5/20 01:00,基于原生界面的轻量级黑化风格整合。
16224,[怀旧服]AbyssUIClassic,2024/5/20 01:00,基于原生界面的轻量级黑化风格整合。
17434,AbyssUIClassic,2024/5/20 01:00,基于原生界面的轻量级黑化风格整合。
3312,AdiBags - Shadowlands,2024/3/26 00:00,AdiBags 模块，过滤暗影国度物品。
4483,AdiBags - Shards of Domination,2024/1/17 05:40,AdiBags 模块，过滤 9.1 的统御宝石。
3284,AdiBags - Sinrunner Blanchy Items,2024/1/17 05:40,AdiBags 模块，添加布兰契座骑相关物品的分类。
2876,AdiBags - Soulbound,2023/6/4 06:00,AdiBags 模块，添加灵魂绑定分类
8861,AdiBags - TSM Price Groups,2024/2/5 01:10,AdiBags 模块，根据 TSM 获得的售价，按价格分组不同价值的物品
10001,[经典旧世]AdiBags - UnusableItemOverlay,2022/11/3 13:28,AdiBags 模块，替无法使用的物品覆盖一个红色材质。
8224,AdiBags - World Events,2022/12/30 01:11,AdiBags 模块，添加世界事件相关物品的分类。
5095,AdiBags - Zereth Mortis,2024/1/17 06:07,AdiBags 模块，添加扎雷莫提斯版本的物品分类。
3227,AdiBags Archaeology,2024/2/20 05:00,AdiBags 模块，添加考古学分类。
9079,AdiBags Azerite Essence items,2022/11/3 12:34,AdiBags 模块，添加艾泽里特分类。
7337,AdiBags Bears Blacksmithing,2024/4/24 01:01,AdiBags 模块，添加锻造分类。
7322,AdiBags Bears Enchanting,2024/4/24 01:00,AdiBags 模块，添加附魔分类。
7331,AdiBags Bears Engineering,2024/4/24 01:01,AdiBags 模块，添加工程学分类。
7343,AdiBags Bears Fishing,2024/4/24 01:00,AdiBags 模快，添加钓鱼分类。
7333,AdiBags Bears Herbs,2024/4/24 01:00,AdiBags 模快，添加草药学分类。
7332,AdiBags Bears Inscription,2024/4/24 01:01,AdiBags 模快，添加炼金术分类。
7245,AdiBags Bears Jewelcrafting,2024/4/24 01:01,AdiBags 模快，添加珠宝设计分类。
7507,AdiBags Bears Keystones,2024/4/24 01:01,AdiBags 模快，过滤史诗地城钥匙。
7335,AdiBags Bears Leatherworking,2024/4/24 01:01,AdiBags 模快，添加制皮分类。
7252,AdiBags Bears Mining,2024/4/24 01:00,AdiBags 模快，添加采矿分类。
7334,AdiBags Bears Tailoring,2024/4/24 01:01,AdiBags 模快，添加裁缝分类。
5611,AdiBags Bound,2024/4/13 15:00,AdiBags 模快，过滤装备绑定与帐号绑定物品。
7382,[经典旧世]AdiBags Bound,2024/4/13 15:00,AdiBags 模快，过滤装备绑定、拾取绑定与帐号绑定物品。
7383,[怀旧服]AdiBags Bound,2024/4/13 15:00,AdiBags 模快，过滤装备绑定、拾取绑定与帐号绑定物品。
8683,AdiBags Conduit Items Filter,2022/11/3 12:05,AdiBags 模快，添加导灵器分类。
3225,AdiBags Hearthstones,2024/2/20 05:00,AdiBags 模快，添加炉石类物品的分类。
14154,[经典旧世]AdiBags Hearthstones,2024/2/20 05:00,AdiBags 模快，添加炉石类物品的分类。
14155,[怀旧服]AdiBags Hearthstones,2024/2/20 05:00,AdiBags 模快，添加炉石类物品的分类。
3628,AdiBags Shadowlands Enchanting,2022/6/17 11:36,AdiBags 模块，添加暗影国度附魔分类。
4574,AdiBags Shadowlands Engineering,2022/6/17 11:47,AdiBags 模块，添加暗影国度工程学分类。
8540,AdiBags-Keystones,2022/11/3 11:55,AdiBags 模快，过滤史诗地城钥匙。
8692,AdiBags_Anima&Conduits,2022/11/3 12:08,AdiBags 模快，分类心能与导灵器。
13090,AdiBags_Bound,2022/11/3 16:29,AdiBags 模快，过滤装备绑定与帐号绑定物品。
2668,[经典旧世]AdvancedInterfaceOptions,2024/5/8 19:02,CVar查看与修改工具，并提供 7.0 以后被隐藏的界面设置选项。
3208,[怀旧服]AdvancedInterfaceOptions,2024/5/8 19:02,CVar查看与修改工具，并提供 7.0 以后被隐藏的界面设置选项。
1085,AdvancedInterfaceOptions：CVar工具,2024/5/8 19:02,CVar查看与修改工具，并提供 7.0 以后被隐藏的界面设置选项。
3051,Adventure Guide Lockouts,2024/3/24 09:00,在地城手册显示副本击杀进度。
15274,[经典旧世]Adventure Guide Lockouts,2023/5/8 01:11,在地城手册显示副本击杀进度。
2986,AlarArtRemover,2024/5/16 03:01,移除暴雪的动作条装饰材质。
15292,[经典旧世]AlarArtRemover,2024/5/16 03:01,移除暴雪的动作条装饰材质。
17038,[怀旧服]AlarArtRemover,2024/5/16 03:01,移除暴雪的动作条装饰材质。
14587,All The Links!,2024/5/8 21:00,"在玩家的右键菜单添加连结，快速查看英雄榜, Check-PvP, Raider.io, Warcraft Logs, WoWProgress 等网站的玩家信息。"
17387,[经典旧世]All The Links!,2024/5/8 21:00,"在玩家的右键菜单添加连结，快速查看英雄榜, Check-PvP, Raider.io, Warcraft Logs, WoWProgress 等网站的玩家信息。"
17388,[怀旧服]All The Links!,2024/5/8 21:00,"在玩家的右键菜单添加连结，快速查看英雄榜, Check-PvP, Raider.io, Warcraft Logs, WoWProgress 等网站的玩家信息。"
16918,AllTheMogs,2024/5/1 02:00,幻化查看器。
16919,[经典旧世]AllTheMogs,2024/5/1 02:00,幻化查看器。
16920,[怀旧服]AllTheMogs,2024/5/1 02:00,幻化查看器。
1864,Already Known?,2024/5/31 00:00,在商人界面中，将已经学会的配方、宠物或其他可学习物品标为绿色。
1865,[经典旧世]Already Known?,2024/5/31 00:00,在商人界面中，将已经学会的配方、宠物或其他可学习物品标为绿色。
1866,[怀旧服]Already Known?,2024/5/31 00:00,在商人界面中，将已经学会的配方、宠物或其他可学习物品标为绿色。
4004,[怀旧服]Altoholic,2024/6/28 04:10,玩家小号信息统计，在一个界面内显示玩家所有角色的游戏信息，如：专业技能、金钱、背包银行、公会银行、公会成员、邮件、拍卖行物品、成就等信息。
4005,Altoholic：角色信息统计,2024/6/27 04:00,玩家小号信息统计，在一个界面内显示玩家所有角色的游戏信息，如：专业技能、金钱、背包银行、公会银行、公会成员、邮件、拍卖行物品、成就等信息。
4003,[经典旧世]Altoholic,2023/12/29 18:00,玩家小号信息统计，在一个界面内显示玩家所有角色的游戏信息，如：专业技能、金钱、背包银行、公会银行、公会成员、邮件、拍卖行物品、成就等信息。
10547,Altoholic Count Hider,2022/11/25 04:27,使用Altoholic插件时，隐藏物品的各角色持有数量统计。
17426,Altz_UI：清爽渐隐界面,2024/6/1 04:00,一个轻量极的清爽整合界面。
8662,[经典旧世]Always Logging,2022/11/3 12:04,登录游戏后自动启用战斗纪录。
8663,Always Logging,2022/11/3 12:04,登录游戏后自动启用战斗纪录。
15709,AlwaysShowVigorBar,2023/8/17 01:11,当你用 Alt-Z 隐藏界面时，使御龙术能量条保持显示，使你可以更专注于飞龙竞速。
2956,Am I locked out?,2024/5/29 16:01,监控所有角色的副本锁定状态。
4561,Amphitheater Mute,2024/2/22 04:02,进入苦痛斗兽场时静音。
6811,[怀旧服]Amphitheater Mute,2024/2/22 04:02,进入苦痛斗兽场时静音。
17352,AmyScreenText,2024/6/12 02:00,显示进入战斗、离开战斗、施放技能、使用物品、低血量低法力等浮动战斗文字信息。
17353,[经典旧世]AmyScreenText,2024/6/12 02:00,显示进入战斗、离开战斗、施放技能、使用物品、低血量低法力等浮动战斗文字信息。
17354,[怀旧服]AmyScreenText,2024/6/12 02:00,显示进入战斗、离开战斗、施放技能、使用物品、低血量低法力等浮动战斗文字信息。
1197,Angry Assignments,2023/12/28 04:33,游戏内笔记工具，主要用于在团队中共享首领战的战术分配信息。
2791,[怀旧服]Angry Assignments,2023/12/28 04:33,游戏内笔记工具，主要用于在团队中共享首领战的战术分配信息。
2790,[经典旧世]Angry Assignments,2022/9/23 03:04,游戏内笔记工具，主要用于在团队中共享首领战的战术分配信息。
10779,Angry Boss Reminders,2023/12/28 05:40,提醒玩家针对不同的首领切换天赋、雕纹和装备。
9020,Angry Notes,2023/12/28 05:33,Angry Assignments 个人版，用于个人笔记。
842,AngryKeystones：大秘境助手,2024/6/23 12:00,大秘境助手，扩展史诗钥匙地城的副本信息，显示队友钥匙、显示小怪进度，并精确到 0.01%。
16977,AnimatedProfilePicture,2024/5/18 05:00,将暴雪原生头像的静态 2D 头像转换为 3D 动画头像。
16978,[经典旧世]AnimatedProfilePicture,2024/5/18 05:01,将暴雪原生头像的静态 2D 头像转换为 3D 动画头像。
16979,[怀旧服]AnimatedProfilePicture,2024/5/18 05:01,将暴雪原生头像的静态 2D 头像转换为 3D 动画头像。
15595,Animosity,2023/11/11 03:00,隐藏动作条的各种动画效果。
14352,[怀旧服]Announce Achievements To Guild,2024/5/9 01:01,管理公会成就通知。
3350,Announce Rare,2024/4/3 01:01,在聊天框通报纳沙塔尔和麦卡贡的稀有。
17372,[怀旧服]AppearanceCollectionTooltip,2024/5/18 23:00,指向物品时，如果是一个装备或可收藏的外观，在鼠标提示显示外观是否已收集。
2021,AppearanceTooltip,2024/5/23 08:00,鼠标指向物品时，如果是一个装备或可收藏的外观，显示外观预览。
15368,Apple's Dungeon Item Levels,2023/5/22 01:12,显示史诗地城钥匙和宝库每周低保对应层数的装等。
3903,[经典旧世]Aptechka,2024/6/24 11:01,一款团队框架。
3904,[怀旧服]Aptechka,2024/6/24 11:01,一款团队框架。
3905,Aptechka,2024/6/24 11:01,一款团队框架。
3545,Ara Broker Reputations,2024/5/13 21:00,Data Broker 模块，用于追踪声望
3544,[怀旧服]Ara Broker Reputations,2024/5/13 21:01,Data Broker 模块，用于追踪声望
3543,[经典旧世]Ara Broker Reputations,2024/5/13 21:01,Data Broker 模块，用于追踪声望
12884,Ara Broker Tradeskills,2022/11/3 16:17,Data Broker 模块，显示你的专业并追踪专业技能的冷却时间
2456,Ara Broker XP,2024/5/3 00:02,Data Broker 模块，用于追踪经验
2457,[经典旧世]Ara Broker XP,2024/5/3 00:02,Data Broker 模块，用于追踪经验
2458,[怀旧服]Ara Broker XP,2024/5/3 00:02,Data Broker 模块，用于追踪经验
16930,Arathi Calls,2024/2/26 01:11,战场交流工具，快速沟通战场中各据点情况。
16931,[经典旧世]Arathi Calls,2024/2/26 01:11,战场交流工具，快速沟通战场中各据点情况。
16932,[怀旧服]Arathi Calls,2024/2/26 01:11,战场交流工具，快速沟通战场中各据点情况。
8369,ArcHUD3：弧形头像,2024/6/3 01:14,和IceHUD同类的另一款弧形头像插件，右键点击小地图的图标进行设置。
15828,[经典旧世]ArcHUD3,2024/6/3 01:14,和IceHUD同类的另一款弧形头像插件，右键点击小地图的图标进行设置。
15829,[怀旧服]ArcHUD3,2024/6/3 01:15,和IceHUD同类的另一款弧形头像插件，右键点击小地图的图标进行设置。
17425,[怀旧服]Archaeology Stats Button,2024/5/18 15:00,考古统计按钮，点击可以查看各种碎片的信息。
17583,[怀旧服]ArcheRange,2024/6/6 01:10,距离监控的单体插件，输入 /ARange XX，XX是数字，代表多少码。例如输入  /ARange 8 会监控 8码内的玩家。
11950,ArekosGratz,2023/12/28 06:26,自动恭喜公会成员、队友和附近的玩家。
15713,Arena Anti-Malware,2024/7/4 23:00,使用传统的暴雪风格竞技场框架，而不是新版团队框架风格的竞技场框架。
3646,[怀旧服]ArenaMarker,2024/5/30 00:00,在竞技场中自动标记队友，标记逻辑基于职业。
4081,ArenaMarker,2024/5/30 00:00,在竞技场中自动标记队友，标记逻辑基于职业。
1460,ArenaMaster PvP Inspect,2024/7/8 04:11,在游戏内查看玩家的 PVP 经验。
12618,ArenaPlates,2022/11/3 16:01,在竞技场中，在姓名板上显示编号。
6898,[怀旧服]ArenaStats,2024/6/13 01:00,将竞技场的战斗纪录与统纪数据以 CSV 表格输出。
3832,[燃烧远征]ArenaStats - TBC,2022/6/17 12:43,将竞技场的战斗纪录与统纪数据以 CSV 表格输出。
54,ArkInventory：全能分类背包,2024/6/7 07:00,全能的背包整合插件，整合背包、自动整理、物品分类，自订分类方式、查看其他帐号下角色的物品等等。
1806,[怀旧服] ArkInventory：全能分类背包,2024/6/7 07:01,全能的背包整合插件，整合背包、自动整理、物品分类，自订分类方式、查看其他帐号下角色的物品等等。
1807,[经典旧世] ArkInventory：全能分类背包,2024/6/7 07:00,全能的背包整合插件，整合背包、自动整理、物品分类，自订分类方式、查看其他帐号下角色的物品等等。
5298,[怀旧服]AskMrRobotClassic,2023/10/11 04:36,AskMrRobot 模拟器用于快速导入导出游戏内配置的辅助插件。
5297,[经典旧世]AskMrRobotClassic,2023/9/6 00:00,AskMrRobot 模拟器用于快速导入导出游戏内配置的辅助插件。
913,AskMrRobot：模拟器角色数据快速导出,2024/5/8 08:01,AskMrRobot 模拟器用于快速导入导出游戏内配置的辅助插件。
6457,Atlas Arena：竞技场地图,2023/7/29 13:00,Atlas 模块，竞技场地图。
2480,Atlas Battle for Azeroth,2023/7/30 01:12,Atlas 模块，BFA 地图。
2356,[怀旧服]Atlas Battlegrounds：战场地图集,2023/7/29 13:00,Atlas 模块，战场地图，包含战场地图指示以及NPC标记。
766,Atlas Battlegrounds：战场地图集,2023/7/30 01:12,Atlas 模块，战场地图，包含战场地图指示以及NPC标记。
1328,[经典旧世] Atlas Battlegrounds：战场地图集,2023/7/29 13:00,Atlas 模块，战场地图，包含战场地图指示以及NPC标记。
2311,[怀旧服]Atlas Burning Crusade,2023/7/30 01:12,Atlas 模块，TBC 的副本地图。
5257,[经典旧世]Atlas Burning Crusade,2022/6/17 15:13,Atlas 模块，TBC 的副本地图。
1313,Atlas Burning Crusade：燃烧的远征地图集,2023/12/28 04:14,Atlas 模块，TBC 地图。
1314,Atlas Cataclysm：大灾变地图集,2023/7/29 15:01,Atlas 模块，大灾变地图。
1316,Atlas Class Order Halls：职业大厅地图集,2023/7/29 15:00,Atlas 模块，职业大厅地图。
2483,[怀旧服]Atlas Classic WoW：经典地图集,2023/7/29 15:00,Atlas 模块，经典旧世的副本地图。
1311,Atlas Classic WoW：经典地图集,2023/7/29 15:00,Atlas 模块，经典旧世地图。
1327,[经典旧世] Atlas Classic WoW：经典地图集,2023/7/29 15:00,Atlas 模块，经典旧世地图。
2363,[怀旧服]Atlas Dungeon Locations：副本位置,2023/7/29 15:00,Atlas 模块，在世界地图显示副本位置。
1326,[经典旧世] Atlas Dungeon Locations：副本位置,2023/7/29 15:00,Atlas 模块，在世界地图显示副本位置。
764,Atlas Dungeon Locations：地下城位置,2023/7/29 15:00,Atlas 模块，在世界地图显示副本位置。
2478,Atlas Legion,2023/7/29 15:00,Atlas 模块，军团的副本地图。
1317,Atlas Mists of Pandaria：潘达利亚地图集,2023/7/29 15:00,Atlas 模块，潘达利亚地图。
6643,[经典旧世]Atlas Outdoor Raids,2023/7/30 01:12,Atlas 模块，在世界地图显示野外首领位置。
6644,[怀旧服]Atlas Outdoor Raids,2023/7/30 01:12,Atlas 模块，在世界地图显示野外首领位置。
767,Atlas Outdoor Raids：野外首领,2023/7/30 01:12,Atlas 模块，在世界地图显示野外首领位置。
10914,Atlas Scenarios,2023/12/28 04:53,Atlas 模块，场景战役地图。
2360,[怀旧服]Atlas Transportation：交通线路图模块,2023/7/30 01:12,Atlas 模块，在世界地图标记了各大陆之间的交通线路图。
765,Atlas Transportation：交通线路图模块,2023/7/30 01:11,Atlas 模块，在世界地图标记了各大陆之间的交通线路图。
1325,[经典旧世] Atlas Transportation：交通路线图,2023/7/30 01:12,Atlas 模块，在世界地图标记了各大陆之间的交通线路图。
2475,Atlas Warlords of Draenor,2023/7/30 01:11,Atlas 模块，巫妖王之怒的副本地图。
763,Atlas World Events：世界节日模块,2023/7/30 01:11,Atlas 模块，世界事件与节日地图。
6802,[怀旧服]Atlas Wrath of the Lich King,2023/7/30 01:11,Atlas 模块，巫妖王之怒地图。
1310,Atlas Wrath of the Lich King：巫妖王之怒地图集,2023/7/30 01:11,Atlas 模块，巫妖王之怒地图。
17525,[怀旧服]AtlasLootClassic - Cataclysm,2024/6/21 17:01,AtlasLoot 掉落查询的大灾变版本。
17653,[经典旧世]AtlasLootClassic Era/SoD,2024/7/7 04:02,AtlasLoot 掉落查询的经典旧世与探索赛技版本。 
16430,[经典旧世]AtlasLootClassic-SoD,2023/12/14 22:00,AtlasLoot 掉落查询的探索赛技版本。 
16431,[怀旧服]AtlasLootClassic-SoD,2023/12/14 22:00,AtlasLoot 掉落查询的探索赛技版本。 
16429,AtlasLootClassic-SoD,2023/12/11 22:00,AtlasLoot 掉落查询的探索赛技版本。 
16400,[经典旧世]AtlasLootClassic_SoD,2024/4/20 01:10,AtlasLoot 掉落查询的探索赛技版本。 
7601,[怀旧服]AtlasLootClassic_WLK_BiS,2022/11/13 01:12,AtlasLoot 掉落查询的巫妖王之怒 BIS 装备模块。
1112,[经典旧世] AtlasLootClassic：掉落查詢,2023/10/22 23:00,AtlasLoot 掉落查询
3531,[怀旧服] AtlasLootClassic：掉落查詢,2023/10/22 23:00,AtlasLoot 掉落查询
13880,AtlasLoot_Dragonflight,2022/12/29 04:13,AtlasLoot 掉落查询的巨龙时代模块。
13910,AtlasLoot_Shadowlands,2022/12/13 04:18,AtlasLoot 掉落查询的暗影国度模块。
1342,[经典旧世] AtlasQuest：副本任务列表,2023/12/28 04:18,AtlasQuest 副本任务列表查询，在Atlas的界面旁边加上一个显示任务的面板，显示副本和战场的任务，需要安装Atlas核心才能使用。
2234,[怀旧服] AtlasQuest：副本任务列表,2023/12/28 04:18,AtlasQuest 副本任务列表查询，在Atlas的界面旁边加上一个显示任务的面板，显示副本和战场的任务，需要安装Atlas核心才能使用。
124,AtlasQuest：副本任务列表,2023/3/28 22:00,AtlasQuest 副本任务列表查询，在Atlas的界面旁边加上一个显示任务的面板，显示副本和战场的任务，需要安装Atlas核心才能使用。
106,Atlas：魔兽地图集核心,2023/7/30 01:12,Atlas是一款舆图插件，收录了魔兽世界里所有的地图，并以卫星地图的风格表现，可以显示地形起伏，而非游戏内绘制风格的大地图。不同地區或是功能的模塊要分別下載。
15453,[经典旧世]Auction House Notifications,2024/5/3 03:01,在你拍下物品、物品售出、上架物品过期、竞标价格被超过时，播放提示音。
15549,[怀旧服]Auction House Notifications,2024/5/3 03:01,在你拍下物品、物品售出、上架物品过期、竞标价格被超过时，播放提示音。
16200,Auction House Notifications,2024/5/3 03:01,在你拍下物品、物品售出、上架物品过期、竞标价格被超过时，播放提示音。
4560,[经典旧世]Auction House Reset,2024/2/22 04:02,在拍卖行添加一个重置检索的按钮。
3261,[怀旧服]Auctionator：拍卖大师,2024/7/8 02:01,拍卖大师提示您所有相似的范围价格供您选择，可根据当前服务器最低价格或你选中的其它玩家价格或者历史拍卖价格拍卖，还可以根据你设置的价格范围打一定折扣，让你的拍卖的物品总是服务上合适的价格，节省了大量文字输入及计算查询的工作。
4230,[经典旧世]Auctionator：拍卖大师,2024/7/8 02:01,拍卖大师提示您所有相似的范围价格供您选择，可根据当前服务器最低价格或你选中的其它玩家价格或者历史拍卖价格拍卖，还可以根据你设置的价格范围打一定折扣，让你的拍卖的物品总是服务上合适的价格，节省了大量文字输入及计算查询的工作。
6022,[怀旧服]Auctioneer：全能拍卖师,2024/6/4 16:00,全能的拍卖行和商业物品信息工具。
279,Aurora：全面板透明效果,2021/3/11 09:01,界面美化皮肤，使默认界面和面板呈现半透明效果。
1364,[怀旧专用] Aurora：全面板透明效果,2021/3/11 09:00,界面美化皮肤，使默认界面和面板呈现半透明效果。
15486,Auto Auto Loot,2024/5/8 11:00,总是启用自动拾取，使你不用再手动设置。
15487,[经典旧世]Auto Auto Loot,2024/5/3 09:00,总是启用自动拾取，使你不用再手动设置。
15488,[怀旧服]Auto Auto Loot,2024/5/3 09:00,总是启用自动拾取，使你不用再手动设置。
16662,Auto Body Res,2024/5/8 16:00,在战场中显示你死亡后是否被拾取尸体。
17012,Auto Combat Logger,2024/4/13 04:00,自动启用战斗纪录。
7880,Auto Destroy,2022/11/3 11:15,将不想拾取的物品加入插件的清单中，拾取物品时会自动催毁不想拾取的物品。
7881,[经典旧世]Auto Destroy,2022/11/3 11:15,将不想拾取的物品加入插件的清单中，拾取物品时会自动催毁不想拾取的物品。
16100,[经典旧世]Auto Grats,2024/6/14 04:00,队友升级时自动恭喜。
16884,[怀旧服]Auto Grats,2024/6/14 04:00,队友升级时自动恭喜。
1929,Auto Keystone,2024/6/10 13:00,自动插钥匙。
14037,[怀旧服]Auto Mount,2023/10/17 21:02,自动选择飞行或地面座骑。
11476,Deadly Boss Mods - LibDataBroker,2022/11/3 14:53,DBM 模块，DataBroker 信息条支持
14888,DefaultUI_Blood,2024/5/8 06:01,原生界面染色，鲜血颜色主题。
14889,[怀旧服]DefaultUI_Blood,2024/5/8 06:01,原生界面染色，鲜血颜色主题。
14890,[经典旧世]DefaultUI_Blood,2024/5/8 06:01,原生界面染色，鲜血颜色主题。
14961,[怀旧服]DefaultUI_Colours,2024/5/10 07:03,原生界面染色，多彩颜色主题。
14962,[经典旧世]DefaultUI_Colours,2024/5/10 07:03,原生界面染色，多彩颜色主题。
14963,DefaultUI_Colours,2024/5/10 07:03,原生界面染色，多彩颜色主题。
14895,DefaultUI_Dark,2024/5/9 04:03,原生界面染色，黑暗颜色主题。
14896,[怀旧服]DefaultUI_Dark,2024/5/9 04:03,原生界面染色，黑暗颜色主题。
14897,[经典旧世]DefaultUI_Dark,2024/5/9 04:03,原生界面染色，黑暗颜色主题。
14884,DefaultUI_DeathKnight,2024/5/9 05:06,原生界面染色，死亡骑士颜色主题。
14885,[怀旧服]DefaultUI_DeathKnight,2024/5/9 05:06,原生界面染色，死亡骑士颜色主题。
14886,[经典旧世]DefaultUI_DeathKnight,2024/5/9 05:06,原生界面染色，死亡骑士颜色主题。
14881,DefaultUI_DemonHunter,2024/5/9 06:03,原生界面染色，恶魔猎人颜色主题。
14882,[怀旧服]DefaultUI_DemonHunter,2024/5/9 06:03,原生界面染色，恶魔猎人颜色主题。
14883,[经典旧世]DefaultUI_DemonHunter,2024/5/9 06:03,原生界面染色，恶魔猎人颜色主题。
14878,DefaultUI_Druid,2024/5/9 06:03,原生界面染色，德鲁伊颜色主题。
14879,[怀旧服]DefaultUI_Druid,2024/5/9 06:03,原生界面染色，德鲁伊颜色主题。
14880,[经典旧世]DefaultUI_Druid,2024/5/9 06:03,原生界面染色，德鲁伊颜色主题。
14911,DefaultUI_Evoker,2024/5/9 06:02,原生界面染色，唤能师颜色主题。
14912,[怀旧服]DefaultUI_Evoker,2024/5/9 06:03,原生界面染色，唤能师颜色主题。
14913,[经典旧世]DefaultUI_Evoker,2024/5/9 06:03,原生界面染色，唤能师颜色主题。
14891,DefaultUI_Gold,2024/5/9 05:03,原生界面染色，黄金颜色主题。
14892,[怀旧服]DefaultUI_Gold,2024/5/9 05:03,原生界面染色，黄金颜色主题。
14893,[经典旧世]DefaultUI_Gold,2024/5/9 05:03,原生界面染色，黄金颜色主题。
14875,DefaultUI_Hunter,2024/5/9 06:02,原生界面染色，猎人主题。
14876,[怀旧服]DefaultUI_Hunter,2024/5/9 06:02,原生界面染色，猎人主题。
14877,[经典旧世]DefaultUI_Hunter,2024/5/9 06:02,原生界面染色，猎人主题。
14872,DefaultUI_Mage,2024/5/9 05:02,原生界面染色，法师主题。
14873,[怀旧服]DefaultUI_Mage,2024/5/9 05:02,原生界面染色，法师主题。
14874,[经典旧世]DefaultUI_Mage,2024/5/9 05:02,原生界面染色，法师主题。
14929,DefaultUI_Monk,2024/5/9 05:01,原生界面染色，武僧颜色主题。
14930,[怀旧服]DefaultUI_Monk,2024/5/9 05:01,原生界面染色，武僧颜色主题。
14931,[经典旧世]DefaultUI_Monk,2024/5/9 05:01,原生界面染色，武僧颜色主题。
14926,DefaultUI_Paladin,2024/5/9 06:02,原生界面染色，圣骑士颜色主题。
14927,[怀旧服]DefaultUI_Paladin,2024/5/9 06:02,原生界面染色，圣骑士颜色主题。
14928,[经典旧世]DefaultUI_Paladin,2024/5/9 06:02,原生界面染色，圣骑士颜色主题。
14920,DefaultUI_Rogue,2024/5/9 05:00,原生界面染色，潜行者颜色主题。
14921,[怀旧服]DefaultUI_Rogue,2024/5/9 05:00,原生界面染色，潜行者颜色主题。
14922,[经典旧世]DefaultUI_Rogue,2024/5/9 05:00,原生界面染色，潜行者颜色主题。
14923,DefaultUI_ShadowPriest,2024/5/9 07:05,原生界面染色，暗影牧师颜色主题。
14924,[怀旧服]DefaultUI_ShadowPriest,2024/5/9 07:06,原生界面染色，暗影牧师颜色主题。
14925,[经典旧世]DefaultUI_ShadowPriest,2024/5/9 07:05,原生界面染色，暗影牧师颜色主题。
14917,DefaultUI_Shaman,2024/5/9 08:02,原生界面染色，萨满颜色主题。
14918,[怀旧服]DefaultUI_Shaman,2024/5/9 08:02,原生界面染色，萨满颜色主题。
14919,[经典旧世]DefaultUI_Shaman,2024/5/9 08:02,原生界面染色，萨满颜色主题。
15233,[经典旧世]DefaultUI_Void,2024/5/9 07:05,原生界面染色，虚空颜色主题。
15234,[怀旧服]DefaultUI_Void,2024/5/9 07:05,原生界面染色，虚空颜色主题。
15235,DefaultUI_Void,2024/5/9 07:04,原生界面染色，虚空颜色主题。
14914,DefaultUI_Warlock,2024/5/9 08:01,原生界面染色，术士颜色主题。
14915,[怀旧服]DefaultUI_Warlock,2024/5/9 08:01,原生界面染色，术士颜色主题。
14916,[经典旧世]DefaultUI_Warlock,2024/5/9 08:01,原生界面染色，术士颜色主题。
14908,DefaultUI_Warrior,2024/5/9 08:01,原生界面染色，战士颜色主题。
14909,[怀旧服]DefaultUI_Warrior,2024/5/9 08:01,原生界面染色，战士颜色主题。
14910,[经典旧世]DefaultUI_Warrior,2024/5/9 08:01,原生界面染色，战士颜色主题。
944,DejaCharacterStats：详细人物属性,2024/6/2 13:00,在角色信息界面右侧的属性列表显示更多原生界面不显示的属性，且可以将属性显示到小数点后二位。
1755,[怀旧服]DejaClassicStats：详细人物属性,2024/4/5 04:00,在角色信息界面右侧扩展一个属性列表，显示更多原生界面不显示的属性，且可以将属性显示到小数点后二位。
1334,[经典旧世] DejaClassicStats：详细人物属性,2024/4/5 04:00,在角色信息界面右侧扩展一个属性列表，显示更多原生界面不显示的属性，且可以将属性显示到小数点后二位。
5730,[经典旧世]DejaMark,2024/5/30 08:01,先在按键绑定的中替插件设置一个快捷键，之后就可以用快捷键快速打开标记框，左键团队标记，右键世界标记。
5731,[怀旧服]DejaMark,2024/5/30 08:02,先在按键绑定的中替插件设置一个快捷键，之后就可以用快捷键快速打开标记框，左键团队标记，右键世界标记。
5732,DejaMark：快速标记,2024/5/30 08:01,先在按键绑定的中替插件设置一个快捷键，之后就可以用快捷键快速打开标记框，左键团队标记，右键世界标记。
2750,[怀旧服]DejaMinimap,2024/5/21 10:00,一款轻量级方型小地图，去掉了小地图的材质，显示时间、地区和玩家座标，带有一个简易的配置，esc > 界面 > 插件，可以缩放和移动。
2751,[经典旧世]DejaMinimap,2023/8/31 17:00,一款轻量级方型小地图，去掉了小地图的材质，显示时间、地区和玩家座标，带有一个简易的配置，esc > 界面 > 插件，可以缩放和移动。
1193,DejaMinimap：无边框方型小地图,2024/5/14 03:00,一款轻量级方型小地图，去掉了小地图的材质，显示时间、地区和玩家座标，带有一个简易的配置，esc > 界面 > 插件，可以缩放和移动。
14011,ItemUpgradeTip,2024/5/10 04:00,在可升级装备的鼠标提示上显示升级需要多少货币。
1590,ItemVersion,2024/7/3 01:01,在鼠标提示添加物品的对应资料片版本。
13964,[经典旧世]ItemVersion,2024/7/3 01:01,在鼠标提示添加物品的对应资料片版本。
13965,[怀旧服]ItemVersion,2024/7/3 01:01,在鼠标提示添加物品的对应资料片版本。
17074,[经典旧世]Itemlvl,2024/3/19 23:00,显示物品等级
3335,Junk Remover,2024/5/9 02:00,拾取时，自动扔掉灰色物品，输入 /jr on 启用，/jr off 停用。
17574,K Raid Icons,2024/6/22 10:00,在暴雪的团队框架显示团队标记。
17575,[经典旧世]K Raid Icons,2024/6/22 10:00,在暴雪的团队框架显示团队标记。
17576,[怀旧服]K Raid Icons,2024/6/22 10:00,在暴雪的团队框架显示团队标记。
17162,K Solo Raid Frames,2024/6/23 01:14,总是显示团队框架，即便不在队伍中。
17163,[经典旧世]K Solo Raid Frames,2024/6/23 01:14,总是显示团队框架，即便不在队伍中。
17164,[怀旧服]K Solo Raid Frames,2024/6/23 01:14,总是显示团队框架，即便不在队伍中。
16907,[经典旧世]KeywordAlert,2024/6/7 01:02,监控聊天框，出现指定关键字时发出警报。输入 「/ka 关键字」 将关键字添加到监控列表。
16908,[怀旧服]KeywordAlert,2024/6/7 01:02,监控聊天框，出现指定关键字时发出警报。输入 「/ka 关键字」 将关键字添加到监控列表。
16247,Kikundi,2024/1/17 21:04,总是显示团队框架，即便不在队伍中。
16769,[经典旧世]Kindness,2024/2/9 21:00,当路人帮助你，例如治疗、上buff、驱散或复活时，使用表情感谢对方。
16770,[怀旧服]Kindness,2024/2/9 21:00,当路人帮助你，例如治疗、上buff、驱散或复活时，使用表情感谢对方。
1226,[经典旧世] KuiNameplates：小巧美观姓名板,2024/5/18 08:00,美观的姓名板插件KNP，对姓名板上每个元素都做了美化，并有相当丰富的配置选项。
2641,[怀旧服]KuiNameplates：小巧美观姓名板,2024/5/18 08:00,美观的姓名板插件KNP，对姓名板上每个元素都做了美化，并有相当丰富的配置选项。
7808,[经典旧世]KuiNameplates Elite,2024/5/11 08:01,KuiNameplates 模块，添加精英标示
7809,KuiNameplates Elite,2024/5/11 08:01,KuiNameplates 模块，添加精英标示
13874,[怀旧服]KuiNameplates Elite,2024/5/11 08:01,KuiNameplates 模块，添加精英标示
5592,KuiNameplates Target Helper,2024/5/9 10:01,KuiNameplates 模块，添加目标指示
7813,Masque-Aaron,2023/12/28 05:14,Masque 皮肤。
7814,[经典旧世]Masque-Aaron,2022/11/3 11:11,Masque 皮肤。
2670,Masque: Apathy,2024/6/25 13:01,Masque 皮肤。
2671,[经典旧世]Masque: Apathy,2024/6/25 13:01,Masque 皮肤。
2672,[怀旧服]Masque: Apathy,2024/6/25 13:01,Masque 皮肤。
1284,Masque: Caith,2024/6/25 13:01,Masque 皮肤。
2674,[经典旧世]Masque: Caith,2024/6/25 13:01,Masque 皮肤。
2675,[怀旧服]Masque: Caith,2024/6/25 13:01,Masque 皮肤。
12660,Masque: Cards,2022/11/3 16:03,Masque 皮肤。
2676,Masque: Cirque,2024/6/25 13:01,Masque 皮肤。
2677,[经典旧世]Masque: Cirque,2024/6/25 13:01,Masque 皮肤。
2678,[怀旧服]Masque: Cirque,2024/6/25 13:01,Masque 皮肤。
3488,Masque: CleanUI,2024/5/9 05:02,Masque 皮肤。
12869,Masque: Darkscail,2022/11/3 16:16,Masque 皮肤。
13450,Masque: Diablo III,2022/11/3 16:50,Masque 皮肤，暗黑破坏神3风格。
2679,Masque: Entropy,2024/6/25 12:00,Masque 皮肤。
2680,[经典旧世]Masque: Entropy,2024/6/25 12:00,Masque 皮肤。
2681,[怀旧服]Masque: Entropy,2024/6/25 12:01,Masque 皮肤。
2070,[经典旧世]Masque: Epix,2023/3/23 01:20,Masque 皮肤。
2071,[怀旧服]Masque: Epix,2023/3/23 01:20,Masque 皮肤。
2072,Masque: Epix,2023/3/23 01:20,Masque 皮肤。
5823,Masque: FlatSquares,2024/5/21 23:00,Masque 皮肤。
6542,Masque: Fusion,2024/6/25 12:01,Masque 皮肤。
6543,[经典旧世]Masque: Fusion,2024/6/25 12:01,Masque 皮肤。
6544,[怀旧服]Masque: Fusion,2024/6/25 12:01,Masque 皮肤。
2682,Masque: Gears,2024/6/25 12:01,Masque 皮肤。
2683,[经典旧世]Masque: Gears,2024/6/25 12:01,Masque 皮肤。
2684,[怀旧服]Masque: Gears,2024/6/25 12:01,Masque 皮肤。
2685,Masque: LiteStep,2024/6/25 12:01,Masque 皮肤。
2686,[经典旧世]Masque: LiteStep,2024/6/25 12:01,Masque 皮肤。
2687,[怀旧服]Masque: LiteStep,2024/6/25 12:01,Masque 皮肤。
3211,Masque: Newsom,2024/1/18 17:03,Masque 皮肤。
6437,Masque: Onyx,2024/6/25 12:01,Masque 皮肤。
6438,[经典旧世]Masque: Onyx,2024/6/25 12:01,Masque 皮肤。
6439,[怀旧服]Masque: Onyx,2024/6/25 12:02,Masque 皮肤。
7106,[怀旧服]Masque: Qhil,2022/10/14 00:30,Masque 皮肤。
7104,Masque: Qhil,2022/10/13 01:30,Masque 皮肤。
7105,[经典旧世]Masque: Qhil,2022/10/13 01:30,Masque 皮肤。
2343,[经典旧世]Masque: Raeli,2023/5/9 21:00,Masque 皮肤。
2344,[怀旧服]Masque: Raeli,2023/5/9 21:00,Masque 皮肤。
2345,Masque: Raeli,2023/5/9 21:00,Masque 皮肤。
2688,Masque: Serenity,2024/6/25 12:02,Masque 皮肤。
2689,[经典旧世]Masque: Serenity,2024/6/25 12:02,Masque 皮肤。
2690,[怀旧服]Masque: Serenity,2024/6/25 12:02,Masque 皮肤。
15176,Masque: Simplicity,2023/11/9 01:48,Masque 皮肤。
15177,[经典旧世]Masque: Simplicity,2023/11/9 01:48,Masque 皮肤。
15178,[怀旧服]Masque: Simplicity,2023/11/9 01:48,Masque 皮肤。
14140,Masque: Squarish,2024/6/25 12:02,Masque 皮肤。
14141,[经典旧世]Masque: Squarish,2024/6/25 12:02,Masque 皮肤。
14142,[怀旧服]Masque: Squarish,2024/6/25 12:02,Masque 皮肤。
9024,Masque: Squat,2023/10/1 01:00,Masque 皮肤。
9025,[经典旧世]Masque: Squat,2023/10/1 01:00,Masque 皮肤。
15844,[怀旧服]Masque: Squat,2023/10/1 01:00,Masque 皮肤。
10291,Masque: Stylo ,2024/4/5 10:00,Masque 皮肤。
10292,[经典旧世]Masque: Stylo ,2024/4/5 10:00,Masque 皮肤。
17140,[怀旧服]Masque: Stylo ,2024/4/5 10:00,Masque 皮肤。
91,Masque：动作条按钮美化,2024/5/8 02:01,给按钮和光环图标加上各种个性化的边框和皮肤，支援BT4等动作条插件和SUF等头像插件。
1256,[经典旧世] Masque：图标美化,2024/5/8 02:01,给按钮和光环图标加上各种个性化的边框和皮肤，支援BT4等动作条插件和SUF等头像插件。
1409, [怀旧服] Masque：图标美化,2024/5/8 02:01,给按钮和光环图标加上各种个性化的边框和皮肤，支援BT4等动作条插件和SUF等头像插件。
,MaxDps Death Knight,2024/6/11 06:00,MaxDps 的死亡骑士模块。
1151,MaxDps Demon Hunter,2024/7/9 10:00,MaxDps 的恶魔猎人模块。
1152,MaxDps Druid,2024/6/11 06:00,MaxDps 的德鲁伊模块。
13947,MaxDps Evoker,2024/6/11 06:01,MaxDps 的唤能师模块。
1134,MaxDps Hunter,2024/6/11 06:00,MaxDps 的猎人模块。
1125,MaxDps Mage,2024/6/11 01:14,MaxDps 的法师模块。
1037,MaxDps Monk,2024/6/11 06:00,MaxDps 的武僧模块。
1153,MaxDps Paladin,2024/6/11 06:01,MaxDps 的圣骑士模块。
1158,MaxDps Priest,2024/6/11 06:01,MaxDps 的牧师模块。
1154,MaxDps Rogue,2024/6/15 09:00,MaxDps 的潜行者模块。
874,MaxDps Rotation Helper,2024/6/26 04:10,MaxDps 的模块，循环助手。
1323,[经典旧世] MaxDps Rotation Helper,2022/6/17 16:39,MaxDps 的模块，循环助手。
1157,MaxDps Shaman,2024/6/11 06:00,MaxDps 的萨满模块。
1135,MaxDps Warlock,2024/6/11 06:01,MaxDps 的术士模块。
1155,MaxDps Warrior,2024/6/11 06:01,MaxDps 的战士模块。
8532,MaxDps Warrior Improved,2022/11/3 11:54,MaxDps 的战士另一个模块。
12223,MaxZoom,2022/11/3 15:37,自动将镜头拉至最远。
3529,Method Raid Tools（MRT）：团队辅助工具,2024/6/21 00:01,原名 Exorsus Raid Tools（EXRT），后由 Method 冠名，团队辅助工具，可在游戏内回放战斗纪录、监控团队技能、共享战术板等。
3535,[经典旧世] Method Raid Tools（MRT）：团队辅助工具,2024/6/21 00:01,原名 Exorsus Raid Tools（EXRT），后由 Method 冠名，团队辅助工具，可在游戏内回放战斗纪录、监控团队技能、共享战术板等。
3536,[怀旧服] Method Raid Tools（MRT）：团队辅助工具,2024/6/21 00:02,原名 Exorsus Raid Tools（EXRT），后由 Method 冠名，团队辅助工具，可在游戏内回放战斗纪录、监控团队技能、共享战术板等。
14180,Micro Menu Recolor,2024/5/17 01:00,更改微型菜单的颜色。
4289,[怀旧服]MicroDeclineDuel,2024/5/11 03:00,自动拒绝决斗。
4848,MicroDeclineDuel,2024/5/11 02:00,自动拒绝决斗。
5254,[经典旧世]MicroDeclineDuel,2024/5/11 03:00,自动拒绝决斗。
17302,[怀旧服]Minimal Archaeology：考古学助手,2024/7/1 16:01,显示各个种族的文物和文物完成的进度，在一个界面显示查看你所有文物的进度和进行辨识。
15283,MinimapHider,2024/5/21 16:00,在战斗中将小地图设为透明。
1137,[经典旧世] Myslot：按键配置导入导出,2024/7/2 15:00,帐号间配置复制插件，可以帮你把宏、按键绑定、按键布局导出成方便保存传递的字符串，再导入恢复这些配置。
943,Mythic Dungeon Tools（MDT）：大秘路线规划,2024/6/8 04:10,大秘必备路线规划插件，能根据词缀显示每周的怪物分布，并且可以发送路线图给队友。 /MDT 开启
3990,[怀旧服]NDui_Plus,2024/7/7 04:02,NDui 非官方扩展模块，增加一些小功能，例如动作条战斗外渐隐。
3989,[经典旧世]NDui_Plus,2024/6/13 18:00,NDui 非官方扩展模块，增加一些小功能，例如动作条战斗外渐隐。
3991,NDui_Plus,2024/6/10 04:00,NDui 非官方扩展模块，增加一些小功能，例如动作条战斗外渐隐。
1291,[经典旧世] Nameplate SCT：姓名板浮动战斗文字,2024/4/25 06:00,全名Nameplate Scrolling Combat Text，将浮动战斗文字锚点于姓名板。
868,Nameplate SCT：浮动战斗文字,2024/4/25 06:00,全名Nameplate Scrolling Combat Text，将浮动战斗文字锚点于姓名板。
478,NameplateAdvance2：姓名板增强,2022/11/3 14:11,姓名板增强，可以在目标的姓名板上显示大量有用信息。
189,NameplateAuras：姓名板光环显示,2024/5/20 06:00,在玩家的姓名板上方显示光环。
1975,[怀旧服]NameplateCooldowns,2024/5/30 03:00,在敌对玩家姓名版上显示敌对技能冷却情况。
830,NameplateCooldowns：敌对技能冷却,2024/5/20 06:00,在敌对玩家姓名版上显示敌对技能冷却情况。
15748,[经典旧世]Narcissus Classic,2024/5/7 17:00,非常酷炫的人物信息与幻化展示插件。
15749,[怀旧服]Narcissus Classic,2024/5/7 17:01,非常酷炫的人物信息与幻化展示插件。
864,Neat Plates：风格多样的姓名板,2024/6/9 16:01,Tidy Plates原版停更后，由新的开发者接手並更名的姓名板插件，内含12种皮肤！
2757,[经典旧世] NeatPlates：风格多样的姓名板,2024/6/9 16:01,Tidy Plates原版停更后，由新的开发者接手並更名的姓名板插件，内含12种皮肤！
2759,[怀旧服] NeatPlates：风格多样的姓名板,2024/6/9 16:02,Tidy Plates原版停更后，由新的开发者接手並更名的姓名板插件，内含12种皮肤！
31,NeedToKnow全功能法术效果计时,2024/6/5 04:00,多目标自定义法术计时条。
15704,Neko SharedMedia,2023/12/21 17:00,SharedMedia 材质包。
15705,[经典旧世]Neko SharedMedia,2023/8/15 16:00,SharedMedia 材质包。
15706,[怀旧服]Neko SharedMedia,2023/8/15 16:00,SharedMedia 材质包。
17154,SamEventPack,2024/4/8 02:00,SharedMedia 材质包。
12298,Say CC,2022/11/3 15:42,当你被控场时，用白字说话通知你附近的玩家
3393,SayAnnouncer,2024/5/9 22:00,PhoenixStyle 模块，自定义首领战中的点名喊话内容。
12207,SayGMOTD,2022/11/3 15:36,在登陆游戏时弹窗显示每日公会信息，并在公会信息更改时主动弹窗展示
15357,ScarletUI,2024/6/29 05:01,ScarletUI 为原生界面的头像、姓名板、动作条、聊天框和团队框架提供一些扩展选项。
15358,[经典旧世]ScarletUI,2024/6/29 05:01,ScarletUI 为原生界面的头像、姓名板、动作条、聊天框和团队框架提供一些扩展选项。
15359,[怀旧服]ScarletUI,2024/6/29 05:01,ScarletUI 为原生界面的头像、姓名板、动作条、聊天框和团队框架提供一些扩展选项。
16917,SceneMachine,2024/4/29 23:00,模型工厂，使你可以在游戏里编辑模型和模型动画。
1232,[经典旧世] Scrap (Junk Seller),2024/5/10 07:03,自动卖垃圾与物品自动出售管理工具。
870,Scrap (Junk Seller),2024/5/10 07:02,自动卖垃圾与物品自动出售管理工具。
2402,[怀旧服]Scrap (Junk Seller),2024/5/10 07:03,自动卖垃圾与物品自动出售管理工具。
9846,Scrap Broker,2024/5/10 07:00,Scrap 自动卖垃圾插件的 DataBroker 信息条模块。
9847,[经典旧世]Scrap Broker,2024/5/10 07:00,Scrap 自动卖垃圾插件的 DataBroker 信息条模块。
15999,[怀旧服]Scrap Broker,2024/5/10 07:00,Scrap 自动卖垃圾插件的 DataBroker 信息条模块。
17614,Scrap Support (ElvUI Plugin),2024/6/11 01:14,Scrap 自动卖垃圾插件的 ElvUI 模块，在背包显示一个可以快速开启插件选项的图标
17615,[经典旧世]Scrap Support (ElvUI Plugin),2024/6/11 01:14,Scrap 自动卖垃圾插件的 ElvUI 模块，在背包显示一个可以快速开启插件选项的图标
17616,[怀旧服]Scrap Support (ElvUI Plugin),2024/6/11 01:14,Scrap 自动卖垃圾插件的 ElvUI 模块，在背包显示一个可以快速开启插件选项的图标
17090,[怀旧服]Scylla - Wotlk daily tracker,2024/3/25 19:00,追踪日常任务、副本进度、声望和货币。
15875,Scymplex SharedMedia,2023/12/28 06:21,SharedMedia 音效材质包。
17331,SharedMedia BattleBrisket VO,2024/5/9 07:00,SharedMedia BattleBrisket VO 音效包
17332,[经典旧世]SharedMedia BattleBrisket VO,2024/5/9 07:00,SharedMedia BattleBrisket VO 音效包
17333,[怀旧服]SharedMedia BattleBrisket VO,2024/5/9 07:00,SharedMedia BattleBrisket VO 音效包
14447,SharedMedia Extended,2023/1/11 01:10,SharedMedia 媒体材质扩展包
14448,[经典旧世]SharedMedia Extended,2023/1/11 01:10,SharedMedia 媒体材质扩展包
14449,[怀旧服]SharedMedia Extended,2023/1/11 01:10,SharedMedia 媒体材质扩展包
16460,SharedMedia Geelong (KR),2024/5/2 01:11,SharedMedia 韩语音效包
17297,[经典旧世]SharedMedia Geelong (KR),2024/5/2 01:11,SharedMedia 韩语音效包
17298,[怀旧服]SharedMedia Geelong (KR),2024/5/2 01:11,SharedMedia 韩语音效包
17221,SharedMedia Roboto,2024/4/22 01:11,SharedMedia Roboto 字体包
17222,[经典旧世]SharedMedia Roboto,2024/4/22 01:11,SharedMedia Roboto 字体包
17223,[怀旧服]SharedMedia Roboto,2024/4/22 01:11,SharedMedia Roboto 字体包
17400,SharedMedia Teliti,2024/5/10 04:01,SharedMedia Teliti 音效包
8169,SharedMedia_AshenMedia,2022/11/3 11:35,SharedMedia AshenMedia 材质包。
16976,SharedMedia_Bagz,2024/6/7 04:14,SharedMedia Bagz 音效包。
17421,SharedMedia_Barbossa,2024/6/3 07:00,SharedMedia Barbossa 材质包。
5399,[经典旧世]SharedMedia_Puggin,2023/5/9 01:01,SharedMedia Puggin 音效包。
5873,SharedMedia_Puggin,2023/5/9 01:00,SharedMedia Puggin 音效包。
5874,[怀旧服]SharedMedia_Puggin,2023/5/9 01:01,SharedMedia Puggin 音效包。
17099,SharedMedia_Sarkho,2024/3/29 04:00,SharedMedia LOL 音效包。
15479,SharedMedia_Teliti,2023/9/20 03:00,SharedMedia Teliti 音效包。
4822,[燃烧远征]SharedMedia_Twatty,2022/6/17 16:14,SharedMedia Twatty 音效包。
6057,SharedMedia_Twatty,2022/6/17 16:14,SharedMedia Twatty 音效包。
6058,[经典旧世]SharedMedia_Twatty,2022/6/17 16:14,SharedMedia Twatty 音效包。
1390,SharedMedia：跨插件共享媒体材质包,2023/12/28 04:23,使用LibSharedMedia的插件，可以使用此扩展包来扩充媒体，包含字体、材质和音效。注意，仅限于使用LibSharedMedia的插件，不过市面上的大多数大型插件都有支援。
2431,ShestakUI,2024/5/12 15:00,轻量整合界面。
1918,[怀旧服] ShestakUI,2024/5/9 04:06,轻量整合界面。
1917,[经典旧世] ShestakUI (Classic),2024/5/9 04:06,轻量整合界面。
2838,[怀旧服] ShestakUI by w,2024/7/1 20:00,轻量整合界面。
2837,[经典旧世] ShestakUI by w,2022/9/25 00:30,轻量整合界面。
15367,ShortHotkeys,2024/5/9 18:00,将动作条上过长的按键绑定文字更改为缩写。
16857,Shotta,2024/5/12 17:00,自动截图，可以在升级、获得成就、击杀首领等特定场合自动截图，也可以定时截图。
16858,[经典旧世]Shotta,2024/5/12 17:00,自动截图，可以在升级、获得成就、击杀首领等特定场合自动截图，也可以定时截图。
17342,[怀旧服]Shotta,2024/5/12 17:00,自动截图，可以在升级、获得成就、击杀首领等特定场合自动截图，也可以定时截图。
4445,[怀旧服] SilverDragon - Rare Scanner,2024/5/26 01:00,提供多种探测方式（鼠标指向，小队目标，姓名板）来探测你周围的稀有精英，发现时提醒你，并在大地图和小地图上给出标记。
3538,SilverDragon_SendFakeRares,2022/11/1 04:37,SilverDragon 模块，制造假的稀有提示，一个整人的小插件。
354,SilverDragon：稀有怪追踪提醒,2024/5/26 01:00,提供多种探测方式（鼠标指向，小队目标，姓名板）来探测你周围的稀有精英，发现时提醒你，并在大地图和小地图上给出标记。
1319,[经典旧世] SilverDragon：稀有怪追踪提醒,2024/5/26 01:00,提供多种探测方式（鼠标指向，小队目标，姓名板）来探测你周围的稀有精英，发现时提醒你，并在大地图和小地图上给出标记。
7137,Simple Addon Manager,2024/6/22 12:00,插件管理器，可以配置、搜索、分类插件。
7138,[经典旧世]Simple Addon Manager,2024/6/22 12:00,插件管理器，可以配置、搜索、分类插件。
7139,[怀旧服]Simple Addon Manager,2024/6/22 12:00,插件管理器，可以配置、搜索、分类插件。
3267,Simple Gold Counter,2024/5/9 04:13,监控金钱支出与收入的插件
13822,[经典旧世]Simple Gold Counter,2024/5/1 11:00,监控金钱支出与收入的插件
13823,[怀旧服]Simple Gold Counter,2024/5/1 11:00,监控金钱支出与收入的插件
2833,Simple Item Levels,2024/7/5 05:00,在角色信息界面显示物品等级
2834,[经典旧世]Simple Item Levels,2024/7/5 05:00,在角色信息界面显示物品等级
2835,[怀旧服]Simple Item Levels,2024/7/5 05:01,在角色信息界面显示物品等级
17246,SimpleMinimapBlip：小地图图标优化,2024/5/24 11:03,优化小地。图图标，使之更直观，容易辨识
3617,[经典旧世]SinStats Live Character Stats ,2024/7/4 21:00,玩家属性监控，监控主属性、副属性、第三属性、移动速度等
3618,SinStats Live Character Stats ,2024/7/4 21:00,玩家属性监控，监控主属性、副属性、第三属性、移动速度等
3619,[怀旧服]SinStats Live Character Stats ,2024/7/4 21:01,玩家属性监控，监控主属性、副属性、第三属性、移动速度等
13870,[怀旧服]Skada(Dragon Flight),2024/6/12 20:00,伤害统计插件，附带仇恨显示功能，占用较Recount低，功能不如Details丰富，适合只想看伤害统计的玩家。
7564,Skada(Dragon Flight),2024/5/9 19:00,伤害统计插件，附带仇恨显示功能，占用较Recount低，功能不如Details丰富，适合只想看伤害统计的玩家。
16420,[经典旧世]Skada(Dragon Flight),2024/4/27 01:00,伤害统计插件，附带仇恨显示功能，占用较Recount低，功能不如Details丰富，适合只想看伤害统计的玩家。
19,Skada：战斗和仇恨统计,2022/11/19 01:12,伤害统计插件，附带仇恨显示功能，占用较Recount低，功能不如Details丰富，适合只想看伤害统计的玩家。
15741,[经典旧世]Skinner,2024/7/1 22:01,界面换肤插件，为你的系统自带面板和大量的插件进行背景材质替换黑暗透明化
15742,[怀旧服]Skinner,2024/7/1 22:01,界面换肤插件，为你的系统自带面板和大量的插件进行背景材质替换黑暗透明化
15559,[怀旧服]Sku,2024/3/6 03:00,盲人的游戏辅助插件。
15553,[怀旧服]Sku Audiodata English,2023/10/11 09:01,sku 盲人游戏辅助的英语模块。
15557,[怀旧服]Sku Audiodata German/Deutsch,2023/10/11 09:01,sku 盲人游戏辅助的德语模块
5252,[经典旧世]Streamer Mode,2024/2/7 01:12,隐藏你的名字和战网暱称
6631,StreamerMode,2024/6/9 21:01,隐藏你的名字和战网暱称
6632,[经典旧世]StreamerMode,2024/6/9 21:01,隐藏你的名字和战网暱称
6633,[怀旧服]StreamerMode,2024/6/9 21:01,隐藏你的名字和战网暱称
15038,String tools,2023/4/13 01:13,用于处理字符串的库。
15039,[经典旧世]String tools,2023/4/13 01:13,用于处理字符串的库。
15040,[怀旧服]String tools,2023/4/13 01:13,用于处理字符串的库。
1641,Stripes,2024/5/8 07:00,又一个姓名板插件
8862,Strongstyle UI,2022/11/3 12:20,默认界面修改。
3306,[怀旧服]StrudelStore,2024/5/11 18:02,法师小工具，提供一个快速选择施法、传送和传送门的界面。
3305,StrudelStore,2024/5/11 17:03,法师小工具，提供一个快速选择施法、传送和传送门的界面。
3307,[经典旧世]StrudelStore,2024/5/11 17:03,法师小工具，提供一个快速选择施法、传送和传送门的界面。
13029,StupidBuffs2,2023/12/28 06:23,自动移除节日活动相关的增益，例如被套了南瓜头会自动取消。
8101,StyleFrame,2022/11/3 11:31,自定义你的界面。
8100,StyleFrame.StoneLegion,2022/11/3 11:31,StyleFrame的美化皮肤。
10682,SubSpec,2022/11/3 14:07,使你储存建立天赋配置，并一键切换。
16910,[经典旧世]Sudo's STV Tracker,2024/2/22 01:11,荆棘谷事件追踪。
11327,Sudoku,2022/11/3 14:45,在魔兽世界里玩数独。
14150,[怀旧服]Sue's Completist Guide,2022/12/1 01:11,一个方便你升级时顺便成就的指南，当然也可以在满级使用。
10107,[经典旧世]Suggest Invite for Classic,2022/11/3 13:34,将正式服的建议邀请功能移植到怀旧服。
7465,[经典旧世]SuggestInvite,2023/12/28 02:15,将正式服的建议邀请功能移植到怀旧服。
17531,Summary Button Hider,2024/5/29 01:13,隐藏小地图上的资料片概要按钮，只在鼠标指向小地图时显示。
4253,[燃烧远征]SummonNotifier,2022/6/17 16:41,使用集合时或术士的召唤仪式拉人时，在小队或团队通报你正在拉谁
4864,[经典旧世]SummonStoneHelper,2023/12/28 06:31,在队伍中，鼠标指向集合石会显示谁需要被召唤，点击提示可以将其设为目标，方便召唤。
16578,Summoned mount,2024/3/31 22:00,根据环境召唤坐骑。
9776,[经典旧世]Sunder Armor Counter,2022/11/3 13:14,破甲计数器。
1070,Sunn - Viewport Art,2023/12/28 04:51,更改游戏中的3D画面渲染范围，并可以在范围以外的空间摆放各种插件和美化。
1266,[经典旧世] Sunn - Viewport Art,2022/8/14 01:00,更改游戏中的3D画面渲染范围，并可以在范围以外的空间摆放各种插件和美化。
15370,Sunn - Viewport Art (Azeroth),2023/5/22 01:12,艾泽拉斯主题的 Sunn Viewport Art 材质包
8625,Sunn - Viewport Art (SunnArt) by [riftbit] ErgoZ,2022/11/3 12:00,[riftbit] ErgoZ 制做的 Sunn Viewport Art 材质包
5922,Sunn - Viewport Art Diablo Theme by RxAffliction,2023/12/28 05:15,暗黑破坏神主题的 Sunn Viewport Art 材质包
5923,[经典旧世]Sunn - Viewport Art Diablo Theme by RxAffliction,2022/6/17 15:24,暗黑破坏神主题的 Sunn Viewport Art 材质包
5924,[燃烧远征]Sunn - Viewport Art Diablo Theme by RxAffliction,2022/6/17 15:24,暗黑破坏神主题的 Sunn Viewport Art 材质包
13269,Sunn - Viewport Art Hearthstone,2022/11/3 16:39,炉石主题的 Sunn Viewport Art 材质包
13631,Sunn - Viewport Art Mists of Pandaria,2022/11/3 17:01,潘达利亚主题的 Sunn Viewport Art 材质包
13460,Sunn - Viewport Art Pack [Djidiouf],2022/11/3 16:51,Djidiouf 制做的 Sunn Viewport Art 材质包
13459,Sunn - Viewport Art Pack [Fire] ,2022/11/3 16:51,Djidiouf 制做的火焰 Sunn Viewport Art 材质包
13405,Sunn - Viewport Art Pack [Asia] ,2022/11/3 16:47,亚洲风格的 Sunn Viewport Art 材质包
5925,Sunn - Viewport Art Pack 1,2023/12/28 05:09,Sunn Viewport Art 材质包
5945,Sunn - Viewport Art Pack 10,2023/12/28 05:10,Sunn Viewport Art 材质包
5946,[经典旧世]Sunn - Viewport Art Pack 10,2022/6/17 15:27,Sunn Viewport Art 材质包
5948,Sunn - Viewport Art Pack 11,2023/12/28 05:10,Sunn Viewport Art 材质包
5949,[经典旧世]Sunn - Viewport Art Pack 11,2022/6/17 15:28,Sunn Viewport Art 材质包
5927,Sunn - Viewport Art Pack 2,2023/12/28 05:07,Sunn Viewport Art 材质包
5929,Sunn - Viewport Art Pack 3,2023/12/28 05:09,Sunn Viewport Art 材质包
5931,Sunn - Viewport Art Pack 4,2023/12/28 05:07,Sunn Viewport Art 材质包
5933,Sunn - Viewport Art Pack 5,2023/12/28 05:03,Sunn Viewport Art 材质包
5935,Sunn - Viewport Art Pack 6,2023/12/28 05:05,Sunn Viewport Art 材质包
5937,Sunn - Viewport Art Pack 7,2023/12/28 05:12,Sunn Viewport Art 材质包
5940,Sunn - Viewport Art Pack 8,2023/12/28 05:10,Sunn Viewport Art 材质包
5941,[经典旧世]Sunn - Viewport Art Pack 8,2022/6/17 15:27,Sunn Viewport Art 材质包
5943,Sunn - Viewport Art Pack 9,2023/12/28 05:07,Sunn Viewport Art 材质包
1285,[经典旧世] Sunn - Viewport Art Pack 9,2022/6/17 15:27,Sunn Viewport Art 材质包
5951,Sunn - Viewport Art Pack by Celorn,2023/12/28 05:20,Celorn 制做的 Sunn Viewport Art 材质包
5952,[经典旧世]Sunn - Viewport Art Pack by Celorn,2022/6/17 15:28,Celorn 制做的 Sunn Viewport Art 材质包
13662,Sunn - Viewport Art: Cata Dungeons,2022/11/3 17:03,大灾变地城主题的Sunn Viewport Art 材质包
12134,Sunn Viewport Art Pack Izo,2022/11/3 15:32,Izo 制做的Sunn Viewport Art 材质包
13369,Sunn-Viewport Art: MoP,2022/11/3 16:45,潘达利亚主题的 Sunn Viewport Art 材质包
13347,Sunn-Viewport Art: WoD,2022/11/3 16:44,德拉诺主题的Sunn Viewport Art 材质包
9722,SunnArt Launcher,2022/11/3 13:11,DataBroker 的 Sunn Viewport Art 材质包
12559,SunnArt StarLord24x Pack,2022/11/3 15:57,Sunn Viewport Art 材质包
10697,SunnArtPack - Amber,2022/11/3 14:09,Amber UI 的 Sunn Viewport Art 材质包
10075,SunnArtPack - Hexakill UI,2022/11/3 13:32,Hexakill UI 的 Sunn Viewport Art 材质包
12056,SunnArtPack - Legion,2022/11/3 15:28,军团主题的 Sunn Viewport Art 材质包
13839,Super Duper Macro,2022/11/9 01:00,创建超长宏。
13840,[经典旧世]Super Duper Macro,2022/11/9 01:00,创建超长宏。
13841,[怀旧服]Super Duper Macro,2022/11/9 01:00,创建超长宏。
1129,[怀旧专用] YaHT：猎人助手,2020/5/22 06:25,全名Yet another Hunter Timer，替猎人的自动射击、描准射击、乱射提供计时条，并提示宁神射击。
3668,alaChat,2024/5/29 17:03,带频道缩写、大脚表情与聊天按钮条的小巧聊天增强。
6766,[怀旧服]alaChat,2022/11/3 19:00,带频道缩写、大脚表情与聊天按钮条的小巧聊天增强。
3726,[怀旧服]alaChat_Classic,2024/7/9 05:00,带频道缩写、大脚表情与聊天按钮条的小巧聊天增强。
17699,alaChat_Classic,2024/7/9 05:00,带频道缩写、大脚表情与聊天按钮条的小巧聊天增强。
1091,[经典旧世] alaChat：聊天增强,2024/7/9 05:00,带频道缩写、大脚表情与聊天按钮条的小巧聊天增强。
6205,[怀旧服]idTip,2024/7/8 03:01,在鼠标提示上显示各种ID，包括法术ID、任务ID、NPC ID、成就ID，还有货币、雕文、天赋等等，支援正式服与怀旧服，加载过期插件即可。
7145,idTip Community Fork,2023/12/28 04:51,在鼠标提示上显示各种ID，包括法术ID、任务ID、NPC ID、成就ID，还有货币、雕文、天赋等等，支援正式服与怀旧服，加载过期插件即可。
7146,[经典旧世]idTip Community Fork,2023/12/28 04:51,在鼠标提示上显示各种ID，包括法术ID、任务ID、NPC ID、成就ID，还有货币、雕文、天赋等等，支援正式服与怀旧服，加载过期插件即可。
7147,[怀旧服]idTip Community Fork,2023/12/28 04:51,在鼠标提示上显示各种ID，包括法术ID、任务ID、NPC ID、成就ID，还有货币、雕文、天赋等等，支援正式服与怀旧服，加载过期插件即可。
1301,[经典旧世] idTip：显示各种ID编号,2024/7/8 03:01,在鼠标提示上显示各种ID，包括法术ID、任务ID、NPC ID、成就ID，还有货币、雕文、天赋等等，支援正式服与怀旧服，加载过期插件即可。
16470,jVars,2024/6/28 09:01,CVar 编辑器。
16471,[经典旧世]jVars,2024/6/28 09:01,CVar 编辑器。
16472,[怀旧服]jVars,2024/6/28 09:02,CVar 编辑器。
2285,kgPanels,2024/6/15 03:02,设置命令：/kgPanels config  -  打开设置界面。kgPanels是一个基于ACE3平台下的界面美化插件，具体用途是在wow创建和编辑自定义面板来美化和补充整合界面的布局构成。
2286,[经典旧世]kgPanels,2024/6/15 03:02,设置命令：/kgPanels config  -  打开设置界面。kgPanels是一个基于ACE3平台下的界面美化插件，具体用途是在wow创建和编辑自定义面板来美化和补充整合界面的布局构成。
2287,[怀旧服]kgPanels,2024/6/15 03:02,设置命令：/kgPanels config  -  打开设置界面。kgPanels是一个基于ACE3平台下的界面美化插件，具体用途是在wow创建和编辑自定义面板来美化和补充整合界面的布局构成。
13888,khays_autoloot_on,2024/6/10 00:01,建立新角色时，自动启用自动拾取
13889,[怀旧服]khays_autoloot_on,2023/12/28 06:29,建立新角色时，自动启用自动拾取
13890,[经典旧世]khays_autoloot_on,2023/12/28 06:29,建立新角色时，自动启用自动拾取
14698,[经典旧世]lookingforgroup(lfg),2024/1/17 04:03,取代暴雪原生的预创建功能。
14699,[怀旧服]lookingforgroup(lfg),2024/1/17 04:03,取代暴雪原生的预创建功能。
4890,lookingforgroup(lfg)：预创建组队强化,2024/1/17 04:02,取代暴雪原生的预创建功能。
855,ls: Toasts：系统弹出信息美化,2024/6/5 01:11,美化各种系统提示，如成就进度、拾取装备等，可以针对信息的类别设置免打扰模式。
1356,[经典旧世] ls: Toasts：系统弹出信息美化,2024/6/4 16:00,美化各种系统提示，如成就进度、拾取装备等，可以针对信息的类别设置免打扰模式。
5838,nPlates 2.0,2024/5/8 15:05,NeavUI 风格的姓名板，可单独使用。
15610,[怀旧服]nPlates 2.0,2024/5/8 15:05,NeavUI 风格的姓名板，可单独使用。
12568,nibRealUI_BossSkins,2022/11/3 15:58,DBM和BW的美化皮肤
10726,numQuests,2022/11/3 14:10,显示你有多少任务
6532,[怀旧服]oGlowClassic,2024/5/10 01:00,替物品加上品质染色的边框。
17398,[经典旧世]oGlowClassic,2024/5/10 01:00,替物品加上品质染色的边框。
5052,[燃烧远征]oRA3,2022/6/17 14:32,Ora3 团队助手
390,oRA3：团队助手,2024/5/12 10:00,Ora3 团队助手
1250,[经典旧世] oRA3：团队助手,2022/6/17 14:32,Ora3 团队助手
5391,oUF Hank Banaak,2022/4/12 18:00,oUF 样式，以数字取代头像血量条的简洁风格。
5819,oUF Hank by Banaak,2023/11/7 00:00,oUF 样式，以数字取代头像血量条的简洁风格。
591,oUF Hank：精简数字头像,2020/11/25 19:27,oUF Hank 是一款基于oUF的头像插件，以直观的数字代替条形血量材质，非常的简洁美观。
10562,oUF Lybrial,2022/11/3 14:01,oUF 样式，Lybrial 头像
8951,oUF P3lim,2022/11/3 12:26,oUF 样式，P3lim 极简风格
5881,oUF Progress,2023/10/28 01:00,oUF 模块，添加进度条模块
8282,oUF_Adirelle,2022/11/3 11:41,oUF 样式，Adirelle 头像
4207,oUF_ArtifactPower,2022/6/17 16:44,oUF  模块，添加艾泽里特支持
13087,oUF_BrethrenRaidFrames,2022/11/3 16:29,oUF  模块，oUF _BrethrenRF 团队框架
5880,oUF_Dispellable,2023/2/19 01:00,oUF 模块，高亮可驱散
492,oUF_Drk：漂亮大气的oUF系头像,2020/11/25 19:29,oUF 样式，oUF_Drk 头像，风格漂亮大气。
3917,oUF_Farva,2023/12/28 06:08,oUF 样式，透明风格
11637,oUF_Gvv,2022/11/3 15:02,oUF 样式，GW2 风格
7568,oUF_Hank Update,2022/11/3 10:30,oUF 样式，以数字取代头像血量条的简洁风格。
8264,oUF_Jardo,2022/11/3 11:40,oUF 样式，Jardo 头像
15240,oUF_KarUI,2024/1/14 20:00,oUF 样式，KarUI 头像
12628,oUF_Lanerra,2022/11/3 16:01,oUF 样式，Lanerra 头像
11723,oUF_LegionGrid,2022/11/3 15:08,oUF 样式，oUF_Freebgrid 的军团非官方更新。
4804,[怀旧服]oUF_Nihlathak,2024/3/6 19:00,oUF 样式，适用怀旧服的 Nihlathak 头像与团队框架
4688,[经典旧世]oUF_Nihlathak,2023/10/5 23:00,oUF 样式，适用怀旧服的 Nihlathak 头像与团队框架
10903,oUF_Phanx,2022/11/3 14:20,oUF 样式，Phanx 头像，面向 PVE
6526,oUF_Ruri,2024/3/15 22:00,oUF 样式，透明风格头像与数字风格姓名板
497,oUF：oUF头像框架核心,2024/4/8 05:00,oUF  是为了免去「重造轮子」的锁碎事物而诞生的插件，以 oUF框架写出的单位插件适用于头像框架、团队框架和姓名板，并具有高可定制性和资源占用小等特点。请注意，这个页面提供的只是oUF的核心，须要搭配Layout（样式）才有作用。
4775,[经典旧世]tullaCC,2022/6/17 16:17,在动作条按钮显示冷却时间。
4776,[燃烧远征]tullaCC,2022/6/17 16:17,在动作条按钮显示冷却时间。
4777,tullaCC,2022/6/17 16:17,在动作条按钮显示冷却时间。
2537,[怀旧服]tullaRange,2024/6/20 02:01,当你的法术或技能超出距离或者没有足够的法力值时，将该动作条按钮着色，颜色可以在界面选项修改为你想要的任意颜色。
5330,[经典旧世]xMerchant,2024/6/14 00:02,将商人界面改为清单式列表
5331,xMerchant,2024/6/14 00:02,将商人界面改为清单式列表
5333,[怀旧服]xMerchant,2024/6/14 00:02,将商人界面改为清单式列表
7941,zz_Bags,2023/12/28 06:14,broker 信息条的背包模块，显示已使用/未使用/可使用的背包空格
7942,[经典旧世]zz_Bags,2023/12/28 06:14,broker 信息条的背包模块，显示已使用/未使用/可使用的背包空格
7939,zz_Friends,2023/12/28 06:16,broker 信息条的好友与公会模块，显示在线的好友与公会成员
7940,[经典旧世]zz_Friends,2023/12/28 06:16,broker 信息条的好友与公会模块，显示在线的好友与公会成员
8128,zz_GarrisonToggle,2022/12/11 03:00,broker 信息条的要塞模块，使你可以点击信息条打开任务桌。
7945,zz_Infoclock,2023/12/28 06:01,broker 信息条的系统信息模块，显示时间、延迟和帧数。
7946,[经典旧世]zz_Infoclock,2023/12/28 06:01,broker 信息条的系统信息模块，显示时间、延迟和帧数。
7947,zz_Mailbox,2023/12/28 06:14,broker 信息条的邮件模块
7948,[经典旧世]zz_Mailbox,2023/12/28 06:14,broker 信息条的邮件模块
6324,zz_Money,2023/12/28 05:48,broker 信息条的金钱模块
6325,[经典旧世]zz_Money,2023/12/28 05:48,broker 信息条的金钱模块
6326,[燃烧远征]zz_Money,2022/7/6 00:00,broker 信息条的金钱模块
7949,zz_Repair,2023/12/28 05:54,broker 信息条的装备耐久度模块，含自动修理功能
7950,[经典旧世]zz_Repair,2023/12/28 05:54,broker 信息条的装备耐久度模块，含自动修理功能
5199,[燃烧远征]¡Por Azeroth!,2022/7/7 03:01,"嗜血时播放军团预告片中的 ""为了艾泽拉斯"" 大喊"
5393,[经典旧世]¡Por Azeroth!,2022/7/7 03:01,"嗜血时播放军团预告片中的 ""为了艾泽拉斯"" 大喊"
5497,¡Por Azeroth!,2022/7/7 03:01,"嗜血时播放军团预告片中的 ""为了艾泽拉斯"" 大喊"
5501,¡Por la horda!,2022/7/7 03:00,"嗜血时播放 BFA 预告片中希尔瓦娜斯的 ""¡Por la Horda!"" 大喊"
5555,[燃烧远征]¡Por la horda!,2022/6/17 13:24,"嗜血时播放 BFA 预告片中希尔瓦娜斯的 ""¡Por la Horda!"" 大喊"
5554,[经典旧世]¡Por la horda!,2022/6/17 13:24,"嗜血时播放 BFA 预告片中希尔瓦娜斯的 ""¡Por la Horda!"" 大喊"
